{
    "v": "5.5.8",
    "fr": 60,
    "ip": 0,
    "op": 110,
    "w": 144,
    "h": 105,
    "nm": "typing indicator",
    "ddd": 0,
    "assets": [],
    "layers": [
        {
            "ddd": 0,
            "ind": 1,
            "ty": 3,
            "nm": "Ã¢ÂÂ½ Dots",
            "sr": 1,
            "ks": {
                "o": {
                    "a": 0,
                    "k": 100,
                    "ix": 11
                },
                "r": {
                    "a": 0,
                    "k": 0,
                    "ix": 10
                },
                "p": {
                    "a": 0,
                    "k": [
                        72,
                        51,
                        0
                    ],
                    "ix": 2
                },
                "a": {
                    "a": 0,
                    "k": [
                        36,
                        9,
                        0
                    ],
                    "ix": 1
                },
                "s": {
                    "a": 0,
                    "k": [
                        100,
                        100,
                        100
                    ],
                    "ix": 6
                }
            },
            "ao": 0,
            "ip": 0,
            "op": 110,
            "st": 0,
            "bm": 0
        },
        {
            "ddd": 0,
            "ind": 2,
            "ty": 4,
            "nm": "dot 1",
            "parent": 1,
            "sr": 1,
            "ks": {
                "o": {
                    "a": 0,
                    "k": 100,
                    "ix": 11
                },
                "r": {
                    "a": 0,
                    "k": 0,
                    "ix": 10
                },
                "p": {
                    "a": 1,
                    "k": [
                        {
                            "i": {
                                "x": 0.667,
                                "y": 1
                            },
                            "o": {
                                "x": 0.333,
                                "y": 0
                            },
                            "t": 0,
                            "s": [
                                9,
                                9,
                                0
                            ],
                            "to": [
                                0,
                                0,
                                0
                            ],
                            "ti": [
                                0,
                                0,
                                0
                            ]
                        },
                        {
                            "i": {
                                "x": 0.667,
                                "y": 1
                            },
                            "o": {
                                "x": 0.333,
                                "y": 0
                            },
                            "t": 3.053,
                            "s": [
                                9,
                                10,
                                0
                            ],
                            "to": [
                                0,
                                0,
                                0
                            ],
                            "ti": [
                                0,
                                0,
                                0
                            ]
                        },
                        {
                            "i": {
                                "x": 0.667,
                                "y": 1
                            },
                            "o": {
                                "x": 0.333,
                                "y": 0
                            },
                            "t": 15.273,
                            "s": [
                                9,
                                -9,
                                0
                            ],
                            "to": [
                                0,
                                0,
                                0
                            ],
                            "ti": [
                                0,
                                0,
                                0
                            ]
                        },
                        {
                            "i": {
                                "x": 0.667,
                                "y": 1
                            },
                            "o": {
                                "x": 0.333,
                                "y": 0
                            },
                            "t": 25.174,
                            "s": [
                                9,
                                12,
                                0
                            ],
                            "to": [
                                0,
                                0,
                                0
                            ],
                            "ti": [
                                0,
                                0,
                                0
                            ]
                        },
                        {
                            "t": 32.744140625,
                            "s": [
                                9,
                                9,
                                0
                            ]
                        }
                    ],
                    "ix": 2
                },
                "a": {
                    "a": 0,
                    "k": [
                        0,
                        0,
                        0
                    ],
                    "ix": 1
                },
                "s": {
                    "a": 0,
                    "k": [
                        100,
                        100,
                        100
                    ],
                    "ix": 6
                }
            },
            "ao": 0,
            "shapes": [
                {
                    "ty": "gr",
                    "it": [
                        {
                            "d": 1,
                            "ty": "el",
                            "s": {
                                "a": 0,
                                "k": [
                                    6,
                                    6
                                ],
                                "ix": 2
                            },
                            "p": {
                                "a": 0,
                                "k": [
                                    0,
                                    0
                                ],
                                "ix": 3
                            },
                            "nm": "Ellipse Path 1",
                            "mn": "ADBE Vector Shape - Ellipse",
                            "hd": false
                        },
                        {
                            "ty": "fl",
                            "c": {
                                "a": 1,
                                "k": [
                                    {
                                        "i": {
                                            "x": [
                                                0.472
                                            ],
                                            "y": [
                                                1
                                            ]
                                        },
                                        "o": {
                                            "x": [
                                                1
                                            ],
                                            "y": [
                                                0
                                            ]
                                        },
                                        "t": 0,
                                        "s": [
                                            0.690196078431,
                                            0.725490196078,
                                            0.752941176471,
                                            1
                                        ]
                                    },
                                    {
                                        "i": {
                                            "x": [
                                                0.49
                                            ],
                                            "y": [
                                                1
                                            ]
                                        },
                                        "o": {
                                            "x": [
                                                1
                                            ],
                                            "y": [
                                                0
                                            ]
                                        },
                                        "t": 15.273,
                                        "s": [
                                            0.349019616842,
                                            0.392156869173,
                                            0.427450984716,
                                            1
                                        ]
                                    },
                                    {
                                        "t": 32.072265625,
                                        "s": [
                                            0.690196078431,
                                            0.725490196078,
                                            0.752941176471,
                                            1
                                        ]
                                    }
                                ],
                                "ix": 4
                            },
                            "o": {
                                "a": 0,
                                "k": 100,
                                "ix": 5
                            },
                            "r": 1,
                            "bm": 0,
                            "nm": "Fill 1",
                            "mn": "ADBE Vector Graphic - Fill",
                            "hd": false
                        },
                        {
                            "ty": "tr",
                            "p": {
                                "a": 0,
                                "k": [
                                    0,
                                    0
                                ],
                                "ix": 2
                            },
                            "a": {
                                "a": 0,
                                "k": [
                                    0,
                                    0
                                ],
                                "ix": 1
                            },
                            "s": {
                                "a": 0,
                                "k": [
                                    300,
                                    300
                                ],
                                "ix": 3
                            },
                            "r": {
                                "a": 0,
                                "k": 0,
                                "ix": 6
                            },
                            "o": {
                                "a": 0,
                                "k": 100,
                                "ix": 7
                            },
                            "sk": {
                                "a": 0,
                                "k": 0,
                                "ix": 4
                            },
                            "sa": {
                                "a": 0,
                                "k": 0,
                                "ix": 5
                            },
                            "nm": "Transform"
                        }
                    ],
                    "nm": "dot 1",
                    "np": 2,
                    "cix": 2,
                    "bm": 0,
                    "ix": 1,
                    "mn": "ADBE Vector Group",
                    "hd": false
                }
            ],
            "ip": 0,
            "op": 110,
            "st": 0,
            "bm": 0
        },
        {
            "ddd": 0,
            "ind": 3,
            "ty": 4,
            "nm": "dot 2",
            "parent": 1,
            "sr": 1,
            "ks": {
                "o": {
                    "a": 0,
                    "k": 100,
                    "ix": 11
                },
                "r": {
                    "a": 0,
                    "k": 0,
                    "ix": 10
                },
                "p": {
                    "a": 1,
                    "k": [
                        {
                            "i": {
                                "x": 0.667,
                                "y": 1
                            },
                            "o": {
                                "x": 0.333,
                                "y": 0
                            },
                            "t": 10.691,
                            "s": [
                                36,
                                9,
                                0
                            ],
                            "to": [
                                0,
                                0,
                                0
                            ],
                            "ti": [
                                0,
                                0,
                                0
                            ]
                        },
                        {
                            "i": {
                                "x": 0.667,
                                "y": 1
                            },
                            "o": {
                                "x": 0.333,
                                "y": 0
                            },
                            "t": 15.273,
                            "s": [
                                36,
                                10,
                                0
                            ],
                            "to": [
                                0,
                                0,
                                0
                            ],
                            "ti": [
                                0,
                                0,
                                0
                            ]
                        },
                        {
                            "i": {
                                "x": 0.667,
                                "y": 1
                            },
                            "o": {
                                "x": 0.333,
                                "y": 0
                            },
                            "t": 25.963,
                            "s": [
                                36,
                                -9,
                                0
                            ],
                            "to": [
                                0,
                                0,
                                0
                            ],
                            "ti": [
                                0,
                                0,
                                0
                            ]
                        },
                        {
                            "i": {
                                "x": 0.667,
                                "y": 1
                            },
                            "o": {
                                "x": 0.333,
                                "y": 0
                            },
                            "t": 36.984,
                            "s": [
                                36,
                                14.326,
                                0
                            ],
                            "to": [
                                0,
                                0,
                                0
                            ],
                            "ti": [
                                0,
                                0,
                                0
                            ]
                        },
                        {
                            "t": 43.97265625,
                            "s": [
                                36,
                                9,
                                0
                            ]
                        }
                    ],
                    "ix": 2
                },
                "a": {
                    "a": 0,
                    "k": [
                        0,
                        0,
                        0
                    ],
                    "ix": 1
                },
                "s": {
                    "a": 0,
                    "k": [
                        100,
                        100,
                        100
                    ],
                    "ix": 6
                }
            },
            "ao": 0,
            "shapes": [
                {
                    "ty": "gr",
                    "it": [
                        {
                            "d": 1,
                            "ty": "el",
                            "s": {
                                "a": 0,
                                "k": [
                                    6,
                                    6
                                ],
                                "ix": 2
                            },
                            "p": {
                                "a": 0,
                                "k": [
                                    0,
                                    0
                                ],
                                "ix": 3
                            },
                            "nm": "Ellipse Path 1",
                            "mn": "ADBE Vector Shape - Ellipse",
                            "hd": false
                        },
                        {
                            "ty": "fl",
                            "c": {
                                "a": 1,
                                "k": [
                                    {
                                        "i": {
                                            "x": [
                                                0.472
                                            ],
                                            "y": [
                                                1
                                            ]
                                        },
                                        "o": {
                                            "x": [
                                                1
                                            ],
                                            "y": [
                                                0
                                            ]
                                        },
                                        "t": 10.691,
                                        "s": [
                                            0.690196078431,
                                            0.725490196078,
                                            0.752941176471,
                                            1
                                        ]
                                    },
                                    {
                                        "i": {
                                            "x": [
                                                0.49
                                            ],
                                            "y": [
                                                1
                                            ]
                                        },
                                        "o": {
                                            "x": [
                                                1
                                            ],
                                            "y": [
                                                0
                                            ]
                                        },
                                        "t": 25.963,
                                        "s": [
                                            0.349019616842,
                                            0.392156869173,
                                            0.427450984716,
                                            1
                                        ]
                                    },
                                    {
                                        "t": 42.763671875,
                                        "s": [
                                            0.690196078431,
                                            0.725490196078,
                                            0.752941176471,
                                            1
                                        ]
                                    }
                                ],
                                "ix": 4
                            },
                            "o": {
                                "a": 0,
                                "k": 100,
                                "ix": 5
                            },
                            "r": 1,
                            "bm": 0,
                            "nm": "Fill 1",
                            "mn": "ADBE Vector Graphic - Fill",
                            "hd": false
                        },
                        {
                            "ty": "tr",
                            "p": {
                                "a": 0,
                                "k": [
                                    0,
                                    0
                                ],
                                "ix": 2
                            },
                            "a": {
                                "a": 0,
                                "k": [
                                    0,
                                    0
                                ],
                                "ix": 1
                            },
                            "s": {
                                "a": 0,
                                "k": [
                                    300,
                                    300
                                ],
                                "ix": 3
                            },
                            "r": {
                                "a": 0,
                                "k": 0,
                                "ix": 6
                            },
                            "o": {
                                "a": 0,
                                "k": 100,
                                "ix": 7
                            },
                            "sk": {
                                "a": 0,
                                "k": 0,
                                "ix": 4
                            },
                            "sa": {
                                "a": 0,
                                "k": 0,
                                "ix": 5
                            },
                            "nm": "Transform"
                        }
                    ],
                    "nm": "dot 2",
                    "np": 2,
                    "cix": 2,
                    "bm": 0,
                    "ix": 1,
                    "mn": "ADBE Vector Group",
                    "hd": false
                }
            ],
            "ip": 0,
            "op": 110,
            "st": 0,
            "bm": 0
        },
        {
            "ddd": 0,
            "ind": 4,
            "ty": 4,
            "nm": "dot 3",
            "parent": 1,
            "sr": 1,
            "ks": {
                "o": {
                    "a": 0,
                    "k": 100,
                    "ix": 11
                },
                "r": {
                    "a": 0,
                    "k": 0,
                    "ix": 10
                },
                "p": {
                    "a": 1,
                    "k": [
                        {
                            "i": {
                                "x": 0.667,
                                "y": 1
                            },
                            "o": {
                                "x": 0.333,
                                "y": 0
                            },
                            "t": 21.383,
                            "s": [
                                63,
                                9,
                                0
                            ],
                            "to": [
                                0,
                                0,
                                0
                            ],
                            "ti": [
                                0,
                                0,
                                0
                            ]
                        },
                        {
                            "i": {
                                "x": 0.667,
                                "y": 1
                            },
                            "o": {
                                "x": 0.333,
                                "y": 0
                            },
                            "t": 25.963,
                            "s": [
                                63,
                                10,
                                0
                            ],
                            "to": [
                                0,
                                0,
                                0
                            ],
                            "ti": [
                                0,
                                0,
                                0
                            ]
                        },
                        {
                            "i": {
                                "x": 0.667,
                                "y": 1
                            },
                            "o": {
                                "x": 0.333,
                                "y": 0
                            },
                            "t": 38.184,
                            "s": [
                                63,
                                -9,
                                0
                            ],
                            "to": [
                                0,
                                0,
                                0
                            ],
                            "ti": [
                                0,
                                0,
                                0
                            ]
                        },
                        {
                            "i": {
                                "x": 0.667,
                                "y": 1
                            },
                            "o": {
                                "x": 0.333,
                                "y": 0
                            },
                            "t": 49.594,
                            "s": [
                                63,
                                13.139,
                                0
                            ],
                            "to": [
                                0,
                                0,
                                0
                            ],
                            "ti": [
                                0,
                                0,
                                0
                            ]
                        },
                        {
                            "t": 56,
                            "s": [
                                63,
                                9,
                                0
                            ]
                        }
                    ],
                    "ix": 2
                },
                "a": {
                    "a": 0,
                    "k": [
                        0,
                        0,
                        0
                    ],
                    "ix": 1
                },
                "s": {
                    "a": 0,
                    "k": [
                        100,
                        100,
                        100
                    ],
                    "ix": 6
                }
            },
            "ao": 0,
            "shapes": [
                {
                    "ty": "gr",
                    "it": [
                        {
                            "d": 1,
                            "ty": "el",
                            "s": {
                                "a": 0,
                                "k": [
                                    6,
                                    6
                                ],
                                "ix": 2
                            },
                            "p": {
                                "a": 0,
                                "k": [
                                    0,
                                    0
                                ],
                                "ix": 3
                            },
                            "nm": "Ellipse Path 1",
                            "mn": "ADBE Vector Shape - Ellipse",
                            "hd": false
                        },
                        {
                            "ty": "fl",
                            "c": {
                                "a": 1,
                                "k": [
                                    {
                                        "i": {
                                            "x": [
                                                0.472
                                            ],
                                            "y": [
                                                1
                                            ]
                                        },
                                        "o": {
                                            "x": [
                                                1
                                            ],
                                            "y": [
                                                0
                                            ]
                                        },
                                        "t": 21.383,
                                        "s": [
                                            0.690196078431,
                                            0.725490196078,
                                            0.752941176471,
                                            1
                                        ]
                                    },
                                    {
                                        "i": {
                                            "x": [
                                                0.49
                                            ],
                                            "y": [
                                                1
                                            ]
                                        },
                                        "o": {
                                            "x": [
                                                1
                                            ],
                                            "y": [
                                                0
                                            ]
                                        },
                                        "t": 36.656,
                                        "s": [
                                            0.349019616842,
                                            0.392156869173,
                                            0.427450984716,
                                            1
                                        ]
                                    },
                                    {
                                        "t": 53.45703125,
                                        "s": [
                                            0.690196078431,
                                            0.725490196078,
                                            0.752941176471,
                                            1
                                        ]
                                    }
                                ],
                                "ix": 4
                            },
                            "o": {
                                "a": 0,
                                "k": 100,
                                "ix": 5
                            },
                            "r": 1,
                            "bm": 0,
                            "nm": "Fill 1",
                            "mn": "ADBE Vector Graphic - Fill",
                            "hd": false
                        },
                        {
                            "ty": "tr",
                            "p": {
                                "a": 0,
                                "k": [
                                    0,
                                    0
                                ],
                                "ix": 2
                            },
                            "a": {
                                "a": 0,
                                "k": [
                                    0,
                                    0
                                ],
                                "ix": 1
                            },
                            "s": {
                                "a": 0,
                                "k": [
                                    300,
                                    300
                                ],
                                "ix": 3
                            },
                            "r": {
                                "a": 0,
                                "k": 0,
                                "ix": 6
                            },
                            "o": {
                                "a": 0,
                                "k": 100,
                                "ix": 7
                            },
                            "sk": {
                                "a": 0,
                                "k": 0,
                                "ix": 4
                            },
                            "sa": {
                                "a": 0,
                                "k": 0,
                                "ix": 5
                            },
                            "nm": "Transform"
                        }
                    ],
                    "nm": "dot 3",
                    "np": 2,
                    "cix": 2,
                    "bm": 0,
                    "ix": 1,
                    "mn": "ADBE Vector Group",
                    "hd": false
                }
            ],
            "ip": 0,
            "op": 110,
            "st": 0,
            "bm": 0
        }
    ],
    "markers": []
}